,Unnamed: 0,0,percent
0,total,1998575,100.0
1,bad_dust,948118,47.439700786810604
2,soso_dust,1050457,52.560299213189396
3,bad_Female,478331,23.93360269191799
4,bad_Man,469787,23.50609809489261
5,soso_Female,531031,26.57048146804598
6,soso_Man,519426,25.989817745143412
7,bad_Female_20,47954,2.3994095793252694
8,bad_Female_25,48818,2.442640381271656
9,bad_Female_30,47287,2.366035800507862
10,bad_Female_35,48527,2.4280800070049913
11,bad_Female_40,50385,2.521046245449883
12,bad_Female_45,54718,2.737850718637029
13,bad_Female_50,52372,2.6204670827964924
14,bad_Female_55,47908,2.3971079394068275
15,bad_Female_60,40984,2.0506610960309217
16,bad_Female_65,39378,1.9703038414870595
17,bad_Man_20,45052,2.2542061218618263
18,bad_Man_25,51300,2.566828865566716
19,bad_Man_30,49051,2.4542986878150685
20,bad_Man_35,49739,2.4887232152908947
21,bad_Man_40,48500,2.4267290444441665
22,bad_Man_45,51193,2.5614750509738187
23,bad_Man_50,49744,2.4889733935428993
24,bad_Man_55,45450,2.274120310721389
25,bad_Man_60,39503,1.9765582977871736
26,bad_Man_65,40255,2.0141851068886583
27,soso_Female_20,53930,2.6984226261211113
28,soso_Female_25,54307,2.7172860663222544
29,soso_Female_30,52740,2.6388802021440276
30,soso_Female_35,54154,2.709630611810915
31,soso_Female_40,55950,2.799494639930951
32,soso_Female_45,60838,3.044068899090602
33,soso_Female_50,57882,2.89616351650551
34,soso_Female_55,52947,2.649237581777016
35,soso_Female_60,45176,2.2604105425115395
36,soso_Female_65,43107,2.156886781832055
37,soso_Man_20,50761,2.5398596500006256
38,soso_Man_25,57187,2.8613887394768773
39,soso_Man_30,54373,2.7205884192487146
40,soso_Man_35,55357,2.769823499243211
41,soso_Man_40,53862,2.695020201893849
42,soso_Man_45,56753,2.839673267202882
43,soso_Man_50,54619,2.7328971892473386
44,soso_Man_55,49970,2.500281450533505
45,soso_Man_60,43263,2.1646923432945973
46,soso_Man_65,43281,2.1655929850018136
47,bad_Man_20_Sectors_10,0,0.0
48,bad_Man_20_Sectors_20,0,0.0
49,bad_Man_20_Sectors_21,4677,0.23401673692505912
50,bad_Man_20_Sectors_22,1996,0.09987115820021765
51,bad_Man_20_Sectors_30,33,0.0016511764632300514
52,bad_Man_20_Sectors_31,12,0.0006004278048109278
53,bad_Man_20_Sectors_32,45,0.0022516042680409795
54,bad_Man_20_Sectors_33,1315,0.0657968802771975
55,bad_Man_20_Sectors_34,802,0.04012859162153034
56,bad_Man_20_Sectors_35,429,0.02146529402199067
57,bad_Man_20_Sectors_40,6228,0.3116220306968715
58,bad_Man_20_Sectors_42,1507,0.07540372515417235
59,bad_Man_20_Sectors_43,96,0.0048034224384874225
60,bad_Man_20_Sectors_44,1171,0.058591746619466374
61,bad_Man_20_Sectors_50,3393,0.16977096181028983
62,bad_Man_20_Sectors_52,625,0.031272281500569155
63,bad_Man_20_Sectors_60,49,0.002451746869644622
64,bad_Man_20_Sectors_62,1269,0.06349524035875562
65,bad_Man_20_Sectors_70,4576,0.2289631362345671
66,bad_Man_20_Sectors_71,4391,0.21970654091039865
67,bad_Man_20_Sectors_80,6200,0.31022103248564603
68,bad_Man_20_Sectors_81,5188,0.25958495427992445
69,bad_Man_20_Sectors_92,1050,0.05253743292095618
70,bad_Man_25_Sectors_10,0,0.0
71,bad_Man_25_Sectors_20,0,0.0
72,bad_Man_25_Sectors_21,4711,0.2357179490386901
73,bad_Man_25_Sectors_22,2457,0.12293759303503747
74,bad_Man_25_Sectors_30,37,0.0018513190648336941
75,bad_Man_25_Sectors_31,34,0.001701212113630962
76,bad_Man_25_Sectors_32,123,0.00615438499931201
77,bad_Man_25_Sectors_33,2032,0.10167244161465043
78,bad_Man_25_Sectors_34,914,0.04573258446643233
79,bad_Man_25_Sectors_35,549,0.027469572070099944
80,bad_Man_25_Sectors_40,6228,0.3116220306968715
81,bad_Man_25_Sectors_42,1980,0.09907058779380308
82,bad_Man_25_Sectors_43,239,0.011958520445817645
83,bad_Man_25_Sectors_44,1476,0.07385261999174413
84,bad_Man_25_Sectors_50,3351,0.16766946449345158
85,bad_Man_25_Sectors_52,656,0.03282338666299739
86,bad_Man_25_Sectors_60,162,0.008105775364947524
87,bad_Man_25_Sectors_62,2537,0.1269404450671103
88,bad_Man_25_Sectors_70,5198,0.26008531078393354
89,bad_Man_25_Sectors_71,4924,0.24637554257408403
90,bad_Man_25_Sectors_80,6222,0.311321816794466
91,bad_Man_25_Sectors_81,5777,0.28905595236606085
92,bad_Man_25_Sectors_92,1693,0.08471035612874173
93,bad_Man_30_Sectors_10,0,0.0
94,bad_Man_30_Sectors_20,0,0.0
95,bad_Man_30_Sectors_21,3758,0.1880339742066222
96,bad_Man_30_Sectors_22,2121,0.10612561450033149
97,bad_Man_30_Sectors_30,42,0.0021014973168382474
98,bad_Man_30_Sectors_31,54,0.002701925121649175
99,bad_Man_30_Sectors_32,134,0.006704777153722027
100,bad_Man_30_Sectors_33,2070,0.10357379632988506
101,bad_Man_30_Sectors_34,745,0.03727655954867844
102,bad_Man_30_Sectors_35,621,0.031072138898965512
103,bad_Man_30_Sectors_40,6228,0.3116220306968715
104,bad_Man_30_Sectors_42,1861,0.09311634539609472
105,bad_Man_30_Sectors_43,276,0.013809839510651338
106,bad_Man_30_Sectors_44,1196,0.05984263787948914
107,bad_Man_30_Sectors_50,2977,0.148956131243511
108,bad_Man_30_Sectors_52,358,0.01791276284352601
109,bad_Man_30_Sectors_60,138,0.006904919755325669
110,bad_Man_30_Sectors_62,2725,0.13634714734248152
111,bad_Man_30_Sectors_70,5348,0.26759065834407014
112,bad_Man_30_Sectors_71,4638,0.23206534655942357
113,bad_Man_30_Sectors_80,6223,0.3113718524448669
114,bad_Man_30_Sectors_81,5775,0.288955881065259
115,bad_Man_30_Sectors_92,1763,0.08821285165680548
116,bad_Man_35_Sectors_10,0,0.0
117,bad_Man_35_Sectors_20,0,0.0
118,bad_Man_35_Sectors_21,2795,0.13984964287054527
119,bad_Man_35_Sectors_22,2029,0.10152233466344769
120,bad_Man_35_Sectors_30,59,0.0029521033736537284
121,bad_Man_35_Sectors_31,70,0.003502495528063745
122,bad_Man_35_Sectors_32,164,0.008205846665749347
123,bad_Man_35_Sectors_33,2198,0.10997835958120161
124,bad_Man_35_Sectors_34,770,0.0385274508087012
125,bad_Man_35_Sectors_35,679,0.03397420662221833
126,bad_Man_35_Sectors_40,6228,0.3116220306968715
127,bad_Man_35_Sectors_42,1891,0.09461741490812203
128,bad_Man_35_Sectors_43,336,0.01681197853470598
129,bad_Man_35_Sectors_44,1207,0.060393030033899155
130,bad_Man_35_Sectors_50,3338,0.16701900103823974
131,bad_Man_35_Sectors_52,353,0.01766258459152146
132,bad_Man_35_Sectors_60,162,0.008105775364947524
133,bad_Man_35_Sectors_62,2995,0.14985677295072738
134,bad_Man_35_Sectors_70,5520,0.2761967902130268
135,bad_Man_35_Sectors_71,4775,0.23892023066434837
136,bad_Man_35_Sectors_80,6222,0.311321816794466
137,bad_Man_35_Sectors_81,5859,0.2931588756989355
138,bad_Man_35_Sectors_92,2089,0.10452447368750235
139,bad_Man_40_Sectors_10,0,0.0
140,bad_Man_40_Sectors_20,0,0.0
141,bad_Man_40_Sectors_21,1889,0.09451734360732021
142,bad_Man_40_Sectors_22,1850,0.0925659532416847
143,bad_Man_40_Sectors_30,116,0.005804135446505636
144,bad_Man_40_Sectors_31,67,0.0033523885768610134
145,bad_Man_40_Sectors_32,115,0.005754099796104724
146,bad_Man_40_Sectors_33,2239,0.11202982124763894
147,bad_Man_40_Sectors_34,644,0.032222958858186455
148,bad_Man_40_Sectors_35,737,0.03687627434547115
149,bad_Man_40_Sectors_40,6228,0.3116220306968715
150,bad_Man_40_Sectors_42,1878,0.0939669514529102
151,bad_Man_40_Sectors_43,339,0.01696208548590871
152,bad_Man_40_Sectors_44,1161,0.05809139011545726
153,bad_Man_40_Sectors_50,3662,0.1832305517681348
154,bad_Man_40_Sectors_52,336,0.01681197853470598
155,bad_Man_40_Sectors_60,150,0.007505347560136598
156,bad_Man_40_Sectors_62,2869,0.14355228100021264
157,bad_Man_40_Sectors_70,5446,0.2724941520833594
158,bad_Man_40_Sectors_71,4653,0.23281588131543726
159,bad_Man_40_Sectors_80,6208,0.3106213176888533
160,bad_Man_40_Sectors_81,5802,0.2903068436260836
161,bad_Man_40_Sectors_92,2111,0.10562525799632239
162,bad_Man_45_Sectors_10,0,0.0
163,bad_Man_45_Sectors_20,0,0.0
164,bad_Man_45_Sectors_21,2232,0.11167957169483256
165,bad_Man_45_Sectors_22,2155,0.10782682661396245
166,bad_Man_45_Sectors_30,168,0.00840598926735299
167,bad_Man_45_Sectors_31,124,0.00620442064971292
168,bad_Man_45_Sectors_32,168,0.00840598926735299
169,bad_Man_45_Sectors_33,2270,0.11358092641006717
170,bad_Man_45_Sectors_34,664,0.033223671866204674
171,bad_Man_45_Sectors_35,836,0.0418298037351613
172,bad_Man_45_Sectors_40,6228,0.3116220306968715
173,bad_Man_45_Sectors_42,2399,0.12003552531178466
174,bad_Man_45_Sectors_43,378,0.018913475851544227
175,bad_Man_45_Sectors_44,1307,0.06539659507399022
176,bad_Man_45_Sectors_50,3860,0.1931376105475151
177,bad_Man_45_Sectors_52,466,0.023316613086824364
178,bad_Man_45_Sectors_60,156,0.007805561462542061
179,bad_Man_45_Sectors_62,2949,0.1475551330322855
180,bad_Man_45_Sectors_70,5566,0.2784984301314687
181,bad_Man_45_Sectors_71,4902,0.24527475826526401
182,bad_Man_45_Sectors_80,6222,0.311321816794466
183,bad_Man_45_Sectors_81,5950,0.29771211988541835
184,bad_Man_45_Sectors_92,2193,0.10972818132919705
185,bad_Man_50_Sectors_10,0,0.0
186,bad_Man_50_Sectors_20,0,0.0
187,bad_Man_50_Sectors_21,2016,0.10087187120823586
188,bad_Man_50_Sectors_22,2191,0.10962811002839523
189,bad_Man_50_Sectors_30,99,0.004953529389690154
190,bad_Man_50_Sectors_31,105,0.005253743292095618
191,bad_Man_50_Sectors_32,187,0.009356666624970292
192,bad_Man_50_Sectors_33,2249,0.11253017775164804
193,bad_Man_50_Sectors_34,621,0.031072138898965512
194,bad_Man_50_Sectors_35,832,0.041629661133557656
195,bad_Man_50_Sectors_40,6228,0.3116220306968715
196,bad_Man_50_Sectors_42,2338,0.1169833506373291
197,bad_Man_50_Sectors_43,426,0.021315187070787934
198,bad_Man_50_Sectors_44,1348,0.06744805674042756
199,bad_Man_50_Sectors_50,3468,0.17352363559035813
200,bad_Man_50_Sectors_52,432,0.0216154009731934
201,bad_Man_50_Sectors_60,135,0.006754812804122937
202,bad_Man_50_Sectors_62,2791,0.13964950026894163
203,bad_Man_50_Sectors_70,5547,0.27754775277385135
204,bad_Man_50_Sectors_71,4704,0.2353676994858837
205,bad_Man_50_Sectors_80,6210,0.3107213889896551
206,bad_Man_50_Sectors_81,5821,0.2912575209837009
207,bad_Man_50_Sectors_92,1996,0.09987115820021765
208,bad_Man_55_Sectors_10,0,0.0
209,bad_Man_55_Sectors_20,0,0.0
210,bad_Man_55_Sectors_21,1399,0.06999987491087399
211,bad_Man_55_Sectors_22,1774,0.08876324381121549
212,bad_Man_55_Sectors_30,80,0.004002852032072852
213,bad_Man_55_Sectors_31,118,0.005904206747307457
214,bad_Man_55_Sectors_32,224,0.011207985689803985
215,bad_Man_55_Sectors_33,2116,0.10587543624832693
216,bad_Man_55_Sectors_34,433,0.02166543662359431
217,bad_Man_55_Sectors_35,724,0.036225810890259315
218,bad_Man_55_Sectors_40,6228,0.3116220306968715
219,bad_Man_55_Sectors_42,1957,0.09791976783458213
220,bad_Man_55_Sectors_43,409,0.020464581013972454
221,bad_Man_55_Sectors_44,1056,0.052837646823361645
222,bad_Man_55_Sectors_50,2816,0.14090039152896439
223,bad_Man_55_Sectors_52,396,0.019814117558760617
224,bad_Man_55_Sectors_60,166,0.008305917966551168
225,bad_Man_55_Sectors_62,2573,0.12874172848154308
226,bad_Man_55_Sectors_70,5437,0.2720438312297512
227,bad_Man_55_Sectors_71,4316,0.21595386713033038
228,bad_Man_55_Sectors_80,6196,0.31002088988404236
229,bad_Man_55_Sectors_81,5699,0.28515317163478976
230,bad_Man_55_Sectors_92,1333,0.0666975219844139
231,bad_Man_60_Sectors_10,0,0.0
232,bad_Man_60_Sectors_20,0,0.0
233,bad_Man_60_Sectors_21,513,0.02566828865566716
234,bad_Man_60_Sectors_22,1214,0.06074327958670553
235,bad_Man_60_Sectors_30,56,0.0028019964224509962
236,bad_Man_60_Sectors_31,134,0.006704777153722027
237,bad_Man_60_Sectors_32,193,0.009656880527375756
238,bad_Man_60_Sectors_33,2019,0.10102197815943859
239,bad_Man_60_Sectors_34,314,0.015711194225885943
240,bad_Man_60_Sectors_35,604,0.030221532842150033
241,bad_Man_60_Sectors_40,6212,0.31082146029045693
242,bad_Man_60_Sectors_42,1444,0.07225147917891499
243,bad_Man_60_Sectors_43,349,0.017462441989917817
244,bad_Man_60_Sectors_44,800,0.04002852032072852
245,bad_Man_60_Sectors_50,2137,0.10692618490674606
246,bad_Man_60_Sectors_52,243,0.012158663047421287
247,bad_Man_60_Sectors_60,105,0.005253743292095618
248,bad_Man_60_Sectors_62,2207,0.1104286804348098
249,bad_Man_60_Sectors_70,5227,0.26153634464555997
250,bad_Man_60_Sectors_71,3430,0.17162228087512355
251,bad_Man_60_Sectors_80,6124,0.3064183230551768
252,bad_Man_60_Sectors_81,5346,0.26749058704326834
253,bad_Man_60_Sectors_92,832,0.041629661133557656
254,bad_Man_65_Sectors_10,0,0.0
255,bad_Man_65_Sectors_20,0,0.0
256,bad_Man_65_Sectors_21,410,0.020514616664373365
257,bad_Man_65_Sectors_22,1260,0.06304491950514741
258,bad_Man_65_Sectors_30,79,0.003952816381671941
259,bad_Man_65_Sectors_31,174,0.008706203169758453
260,bad_Man_65_Sectors_32,219,0.010957807437799432
261,bad_Man_65_Sectors_33,2083,0.10422425978509689
262,bad_Man_65_Sectors_34,314,0.015711194225885943
263,bad_Man_65_Sectors_35,702,0.035125026581439275
264,bad_Man_65_Sectors_40,6214,0.31092153159125874
265,bad_Man_65_Sectors_42,1628,0.08145803885268253
266,bad_Man_65_Sectors_43,415,0.020764794916377918
267,bad_Man_65_Sectors_44,892,0.0446318001576123
268,bad_Man_65_Sectors_50,2209,0.11052875173561162
269,bad_Man_65_Sectors_52,239,0.011958520445817645
270,bad_Man_65_Sectors_60,101,0.005053600690491975
271,bad_Man_65_Sectors_62,2078,0.10397408153309234
272,bad_Man_65_Sectors_70,5469,0.2736449720425803
273,bad_Man_65_Sectors_71,3358,0.16801971404625796
274,bad_Man_65_Sectors_80,6105,0.3054676456975595
275,bad_Man_65_Sectors_81,5477,0.2740452572457876
276,bad_Man_65_Sectors_92,829,0.041479554182354925
277,bad_Female_20_Sectors_10,0,0.0
278,bad_Female_20_Sectors_20,0,0.0
279,bad_Female_20_Sectors_21,3750,0.18763368900341493
280,bad_Female_20_Sectors_22,2568,0.12849155022953854
281,bad_Female_20_Sectors_30,50,0.0025017825200455324
282,bad_Female_20_Sectors_31,16,0.0008005704064145703
283,bad_Female_20_Sectors_32,150,0.007505347560136598
284,bad_Female_20_Sectors_33,664,0.033223671866204674
285,bad_Female_20_Sectors_34,982,0.049135008693694256
286,bad_Female_20_Sectors_35,278,0.01390991081145316
287,bad_Female_20_Sectors_40,6228,0.3116220306968715
288,bad_Female_20_Sectors_42,2574,0.12879176413194401
289,bad_Female_20_Sectors_43,292,0.01461040991706591
290,bad_Female_20_Sectors_44,2148,0.10747657706115607
291,bad_Female_20_Sectors_50,3873,0.19378807400272693
292,bad_Female_20_Sectors_52,686,0.034324456175024706
293,bad_Female_20_Sectors_60,7,0.00035024955280637453
294,bad_Female_20_Sectors_62,904,0.045232227962423224
295,bad_Female_20_Sectors_70,5195,0.2599352038327308
296,bad_Female_20_Sectors_71,4554,0.22786235192574708
297,bad_Female_20_Sectors_80,6199,0.31017099683524507
298,bad_Female_20_Sectors_81,5899,0.29516030171497193
299,bad_Female_20_Sectors_92,937,0.04688340442565328
300,bad_Female_25_Sectors_10,0,0.0
301,bad_Female_25_Sectors_20,0,0.0
302,bad_Female_25_Sectors_21,2764,0.13829853770811704
303,bad_Female_25_Sectors_22,2572,0.12869169283114218
304,bad_Female_25_Sectors_30,90,0.004503208536081959
305,bad_Female_25_Sectors_31,19,0.0009506773576173023
306,bad_Female_25_Sectors_32,223,0.011157950039403074
307,bad_Female_25_Sectors_33,1383,0.06919930450445942
308,bad_Female_25_Sectors_34,866,0.04333087324718862
309,bad_Female_25_Sectors_35,376,0.018813404550742405
310,bad_Female_25_Sectors_40,6228,0.3116220306968715
311,bad_Female_25_Sectors_42,2659,0.13304479441602143
312,bad_Female_25_Sectors_43,359,0.017962798493926922
313,bad_Female_25_Sectors_44,2073,0.10372390328108778
314,bad_Female_25_Sectors_50,3403,0.17027131831429893
315,bad_Female_25_Sectors_52,507,0.025368074753261697
316,bad_Female_25_Sectors_60,28,0.0014009982112254981
317,bad_Female_25_Sectors_62,1561,0.07810565027582152
318,bad_Female_25_Sectors_70,5445,0.27244411643295846
319,bad_Female_25_Sectors_71,4704,0.2353676994858837
320,bad_Female_25_Sectors_80,6211,0.310771424640056
321,bad_Female_25_Sectors_81,6051,0.30276572057591034
322,bad_Female_25_Sectors_92,1296,0.0648462029195802
323,bad_Female_30_Sectors_10,0,0.0
324,bad_Female_30_Sectors_20,0,0.0
325,bad_Female_30_Sectors_21,1313,0.06569680897639568
326,bad_Female_30_Sectors_22,2228,0.11147942909322892
327,bad_Female_30_Sectors_30,43,0.002151532967239158
328,bad_Female_30_Sectors_31,41,0.002051461666437337
329,bad_Female_30_Sectors_32,172,0.008606131868956632
330,bad_Female_30_Sectors_33,1739,0.08701199604718363
331,bad_Female_30_Sectors_34,808,0.0404288055239358
332,bad_Female_30_Sectors_35,437,0.021865579225197954
333,bad_Female_30_Sectors_40,6228,0.3116220306968715
334,bad_Female_30_Sectors_42,2588,0.12949226323755675
335,bad_Female_30_Sectors_43,378,0.018913475851544227
336,bad_Female_30_Sectors_44,1844,0.09226573933927923
337,bad_Female_30_Sectors_50,3355,0.16786960709505522
338,bad_Female_30_Sectors_52,314,0.015711194225885943
339,bad_Female_30_Sectors_60,12,0.0006004278048109278
340,bad_Female_30_Sectors_62,1911,0.09561812791614024
341,bad_Female_30_Sectors_70,5451,0.27274433033536394
342,bad_Female_30_Sectors_71,4645,0.23241559611222995
343,bad_Female_30_Sectors_80,6202,0.31032110378644784
344,bad_Female_30_Sectors_81,6024,0.30141475801508577
345,bad_Female_30_Sectors_92,1554,0.07775540072301515
346,bad_Female_35_Sectors_10,0,0.0
347,bad_Female_35_Sectors_20,0,0.0
348,bad_Female_35_Sectors_21,964,0.048234366986477865
349,bad_Female_35_Sectors_22,2246,0.11238007080044532
350,bad_Female_35_Sectors_30,64,0.0032022816256582812
351,bad_Female_35_Sectors_31,42,0.0021014973168382474
352,bad_Female_35_Sectors_32,153,0.007655454511339329
353,bad_Female_35_Sectors_33,1938,0.09696909047696484
354,bad_Female_35_Sectors_34,736,0.03682623869507024
355,bad_Female_35_Sectors_35,577,0.02887057028132544
356,bad_Female_35_Sectors_40,6228,0.3116220306968715
357,bad_Female_35_Sectors_42,2694,0.13479604218005328
358,bad_Female_35_Sectors_43,442,0.022115757477202506
359,bad_Female_35_Sectors_44,1686,0.08436010657593535
360,bad_Female_35_Sectors_50,3827,0.19148643408428506
361,bad_Female_35_Sectors_52,316,0.015811265526687764
362,bad_Female_35_Sectors_60,31,0.00155110516242823
363,bad_Female_35_Sectors_62,2215,0.11082896563801709
364,bad_Female_35_Sectors_70,5420,0.2711932251729357
365,bad_Female_35_Sectors_71,4749,0.23761930375392468
366,bad_Female_35_Sectors_80,6216,0.3110216028920606
367,bad_Female_35_Sectors_81,6058,0.3031159701287167
368,bad_Female_35_Sectors_92,1925,0.09631862702175299
369,bad_Female_40_Sectors_10,0,0.0
370,bad_Female_40_Sectors_20,0,0.0
371,bad_Female_40_Sectors_21,1533,0.07670465206459602
372,bad_Female_40_Sectors_22,2377,0.11893474100296463
373,bad_Female_40_Sectors_30,126,0.006304491950514741
374,bad_Female_40_Sectors_31,57,0.002852032072851907
375,bad_Female_40_Sectors_32,144,0.007205133657731132
376,bad_Female_40_Sectors_33,2003,0.10022140775302402
377,bad_Female_40_Sectors_34,647,0.03237306580938919
378,bad_Female_40_Sectors_35,641,0.032072851906983724
379,bad_Female_40_Sectors_40,6228,0.3116220306968715
380,bad_Female_40_Sectors_42,3118,0.1560111579500394
381,bad_Female_40_Sectors_43,445,0.022265864428405238
382,bad_Female_40_Sectors_44,1681,0.0841099283239308
383,bad_Female_40_Sectors_50,4004,0.20034274420524623
384,bad_Female_40_Sectors_52,351,0.017562513290719638
385,bad_Female_40_Sectors_60,22,0.0011007843088200343
386,bad_Female_40_Sectors_62,2248,0.11248014210124713
387,bad_Female_40_Sectors_70,5515,0.2759466119610222
388,bad_Female_40_Sectors_71,4853,0.24282301139561938
389,bad_Female_40_Sectors_80,6214,0.31092153159125874
390,bad_Female_40_Sectors_81,6000,0.3002139024054639
391,bad_Female_40_Sectors_92,2178,0.1089776465731834
392,bad_Female_45_Sectors_10,0,0.0
393,bad_Female_45_Sectors_20,0,0.0
394,bad_Female_45_Sectors_21,2580,0.12909197803434946
395,bad_Female_45_Sectors_22,2725,0.13634714734248152
396,bad_Female_45_Sectors_30,184,0.00920655967376756
397,bad_Female_45_Sectors_31,97,0.004853458088888333
398,bad_Female_45_Sectors_32,240,0.012008556096218556
399,bad_Female_45_Sectors_33,2114,0.10577536494752512
400,bad_Female_45_Sectors_34,871,0.043581051499193176
401,bad_Female_45_Sectors_35,778,0.038927736011908486
402,bad_Female_45_Sectors_40,6228,0.3116220306968715
403,bad_Female_45_Sectors_42,3664,0.1833306230689366
404,bad_Female_45_Sectors_43,588,0.029420962435735463
405,bad_Female_45_Sectors_44,1991,0.09962097994821309
406,bad_Female_45_Sectors_50,4182,0.20924908997660835
407,bad_Female_45_Sectors_52,533,0.026669001663685375
408,bad_Female_45_Sectors_60,50,0.0025017825200455324
409,bad_Female_45_Sectors_62,2332,0.11668313673492364
410,bad_Female_45_Sectors_70,5647,0.28255131781394244
411,bad_Female_45_Sectors_71,5179,0.2591346334263162
412,bad_Female_45_Sectors_80,6214,0.31092153159125874
413,bad_Female_45_Sectors_81,6088,0.30461703964074405
414,bad_Female_45_Sectors_92,2433,0.12173673742541562
415,bad_Female_50_Sectors_10,0,0.0
416,bad_Female_50_Sectors_20,0,0.0
417,bad_Female_50_Sectors_21,2346,0.11738363584053639
418,bad_Female_50_Sectors_22,2477,0.12393830604305568
419,bad_Female_50_Sectors_30,146,0.007305204958532955
420,bad_Female_50_Sectors_31,108,0.00540385024329835
421,bad_Female_50_Sectors_32,306,0.015310909022678659
422,bad_Female_50_Sectors_33,2043,0.10222283376906044
423,bad_Female_50_Sectors_34,678,0.03392417097181742
424,bad_Female_50_Sectors_35,741,0.037076416947074795
425,bad_Female_50_Sectors_40,6228,0.3116220306968715
426,bad_Female_50_Sectors_42,3538,0.1770261311184219
427,bad_Female_50_Sectors_43,606,0.030321604142951854
428,bad_Female_50_Sectors_44,1901,0.09511777141213114
429,bad_Female_50_Sectors_50,3561,0.1781769510776428
430,bad_Female_50_Sectors_52,479,0.0239670765420362
431,bad_Female_50_Sectors_60,80,0.004002852032072852
432,bad_Female_50_Sectors_62,2105,0.10532504409391692
433,bad_Female_50_Sectors_70,5607,0.280549891797906
434,bad_Female_50_Sectors_71,5150,0.25768359956468984
435,bad_Female_50_Sectors_80,6208,0.3106213176888533
436,bad_Female_50_Sectors_81,6023,0.3013647223646848
437,bad_Female_50_Sectors_92,2041,0.10212276246825862
438,bad_Female_55_Sectors_10,0,0.0
439,bad_Female_55_Sectors_20,0,0.0
440,bad_Female_55_Sectors_21,1665,0.08330935791751623
441,bad_Female_55_Sectors_22,2031,0.10162240596424951
442,bad_Female_55_Sectors_30,99,0.004953529389690154
443,bad_Female_55_Sectors_31,91,0.00455324418648287
444,bad_Female_55_Sectors_32,394,0.019714046257958796
445,bad_Female_55_Sectors_33,1962,0.09816994608658669
446,bad_Female_55_Sectors_34,426,0.021315187070787934
447,bad_Female_55_Sectors_35,630,0.03152245975257371
448,bad_Female_55_Sectors_40,6227,0.3115719950464706
449,bad_Female_55_Sectors_42,3237,0.16196540034774778
450,bad_Female_55_Sectors_43,551,0.027569643370901765
451,bad_Female_55_Sectors_44,1602,0.08015711194225886
452,bad_Female_55_Sectors_50,2820,0.14110053413056803
453,bad_Female_55_Sectors_52,323,0.016161515079494138
454,bad_Female_55_Sectors_60,52,0.0026018538208473535
455,bad_Female_55_Sectors_62,1783,0.08921356466482369
456,bad_Female_55_Sectors_70,5493,0.27484582765220217
457,bad_Female_55_Sectors_71,4868,0.24357354615163304
458,bad_Female_55_Sectors_80,6178,0.309120248176826
459,bad_Female_55_Sectors_81,5886,0.29450983825976007
460,bad_Female_55_Sectors_92,1590,0.07955668413744793
461,bad_Female_60_Sectors_10,0,0.0
462,bad_Female_60_Sectors_20,0,0.0
463,bad_Female_60_Sectors_21,656,0.03282338666299739
464,bad_Female_60_Sectors_22,1394,0.06974969665886945
465,bad_Female_60_Sectors_30,70,0.003502495528063745
466,bad_Female_60_Sectors_31,73,0.0036526024792664777
467,bad_Female_60_Sectors_32,293,0.014660445567466821
468,bad_Female_60_Sectors_33,1733,0.08671178214477816
469,bad_Female_60_Sectors_34,291,0.014560374266665
470,bad_Female_60_Sectors_35,516,0.025818395606869896
471,bad_Female_60_Sectors_40,6201,0.31027106813604693
472,bad_Female_60_Sectors_42,2590,0.12959233453835858
473,bad_Female_60_Sectors_43,491,0.024567504346847128
474,bad_Female_60_Sectors_44,1175,0.058791889221070016
475,bad_Female_60_Sectors_50,2110,0.10557522234592148
476,bad_Female_60_Sectors_52,133,0.006654741503321116
477,bad_Female_60_Sectors_60,38,0.0019013547152346047
478,bad_Female_60_Sectors_62,1328,0.06644734373240935
479,bad_Female_60_Sectors_70,5256,0.2629873785071864
480,bad_Female_60_Sectors_71,4137,0.20699748570856738
481,bad_Female_60_Sectors_80,6019,0.3011645797630812
482,bad_Female_60_Sectors_81,5616,0.2810002126515142
483,bad_Female_60_Sectors_92,864,0.0432308019463868
484,bad_Female_65_Sectors_10,0,0.0
485,bad_Female_65_Sectors_20,0,0.0
486,bad_Female_65_Sectors_21,409,0.020464581013972454
487,bad_Female_65_Sectors_22,1246,0.06234442039953467
488,bad_Female_65_Sectors_30,87,0.0043531015848792265
489,bad_Female_65_Sectors_31,75,0.003752673780068299
490,bad_Female_65_Sectors_32,306,0.015310909022678659
491,bad_Female_65_Sectors_33,1681,0.0841099283239308
492,bad_Female_65_Sectors_34,191,0.009556809226573934
493,bad_Female_65_Sectors_35,541,0.02706928686689266
494,bad_Female_65_Sectors_40,6169,0.3086699273232178
495,bad_Female_65_Sectors_42,2412,0.12068598876699649
496,bad_Female_65_Sectors_43,539,0.02696921556609084
497,bad_Female_65_Sectors_44,1155,0.0577911762130518
498,bad_Female_65_Sectors_50,1843,0.09221570368887833
499,bad_Female_65_Sectors_52,124,0.00620442064971292
500,bad_Female_65_Sectors_60,25,0.0012508912600227662
501,bad_Female_65_Sectors_62,1068,0.05343807462817257
502,bad_Female_65_Sectors_70,5303,0.2653390540760292
503,bad_Female_65_Sectors_71,3965,0.1983913538396107
504,bad_Female_65_Sectors_80,5958,0.29811240508862563
505,bad_Female_65_Sectors_81,5527,0.27654703976583317
506,bad_Female_65_Sectors_92,754,0.03772688040228663
507,soso_Female_20_Sectors_10,0,0.0
508,soso_Female_20_Sectors_20,0,0.0
509,soso_Female_20_Sectors_21,4090,0.20464581013972452
510,soso_Female_20_Sectors_22,2834,0.14180103323618076
511,soso_Female_20_Sectors_30,73,0.0036526024792664777
512,soso_Female_20_Sectors_31,12,0.0006004278048109278
513,soso_Female_20_Sectors_32,163,0.008155811015348437
514,soso_Female_20_Sectors_33,862,0.04313073064558498
515,soso_Female_20_Sectors_34,1021,0.05108639905932977
516,soso_Female_20_Sectors_35,354,0.01771262024192237
517,soso_Female_20_Sectors_40,6912,0.3458464155710944
518,soso_Female_20_Sectors_42,2946,0.14740502608108277
519,soso_Female_20_Sectors_43,372,0.018613261949138763
520,soso_Female_20_Sectors_44,2405,0.12033573921419012
521,soso_Female_20_Sectors_50,4312,0.2157537245287267
522,soso_Female_20_Sectors_52,826,0.04132944723115219
523,soso_Female_20_Sectors_60,18,0.0009006417072163916
524,soso_Female_20_Sectors_62,1139,0.05699060580663723
525,soso_Female_20_Sectors_70,5838,0.29210812704051636
526,soso_Female_20_Sectors_71,5183,0.2593347760279199
527,soso_Female_20_Sectors_80,6890,0.34474563126227437
528,soso_Female_20_Sectors_81,6647,0.33258696821485306
529,soso_Female_20_Sectors_92,1033,0.05168682686414071
530,soso_Female_25_Sectors_10,0,0.0
531,soso_Female_25_Sectors_20,0,0.0
532,soso_Female_25_Sectors_21,2833,0.14175099758577986
533,soso_Female_25_Sectors_22,2829,0.14155085498417622
534,soso_Female_25_Sectors_30,94,0.004703351137685601
535,soso_Female_25_Sectors_31,22,0.0011007843088200343
536,soso_Female_25_Sectors_32,200,0.01000713008018213
537,soso_Female_25_Sectors_33,1663,0.08320928661671441
538,soso_Female_25_Sectors_34,874,0.04373115845039591
539,soso_Female_25_Sectors_35,452,0.022616113981211612
540,soso_Female_25_Sectors_40,6912,0.3458464155710944
541,soso_Female_25_Sectors_42,3172,0.15871308307168858
542,soso_Female_25_Sectors_43,427,0.021365222721188844
543,soso_Female_25_Sectors_44,2402,0.12018563226298738
544,soso_Female_25_Sectors_50,3666,0.18343069436973844
545,soso_Female_25_Sectors_52,565,0.028270142476514513
546,soso_Female_25_Sectors_60,23,0.001150819959220945
547,soso_Female_25_Sectors_62,1850,0.0925659532416847
548,soso_Female_25_Sectors_70,6037,0.3020652214702976
549,soso_Female_25_Sectors_71,5271,0.26373791326320006
550,soso_Female_25_Sectors_80,6905,0.34549616601828803
551,soso_Female_25_Sectors_81,6757,0.33809088975895324
552,soso_Female_25_Sectors_92,1353,0.0676982349924321
553,soso_Female_30_Sectors_10,0,0.0
554,soso_Female_30_Sectors_20,0,0.0
555,soso_Female_30_Sectors_21,1221,0.0610935291395119
556,soso_Female_30_Sectors_22,2452,0.12268741478303291
557,soso_Female_30_Sectors_30,54,0.002701925121649175
558,soso_Female_30_Sectors_31,30,0.0015010695120273195
559,soso_Female_30_Sectors_32,224,0.011207985689803985
560,soso_Female_30_Sectors_33,2038,0.1019726555170559
561,soso_Female_30_Sectors_34,810,0.040528876824737624
562,soso_Female_30_Sectors_35,559,0.02796992857410905
563,soso_Female_30_Sectors_40,6911,0.3457963799206935
564,soso_Female_30_Sectors_42,3110,0.1556108727468321
565,soso_Female_30_Sectors_43,436,0.021815543574797043
566,soso_Female_30_Sectors_44,2056,0.1028732972242723
567,soso_Female_30_Sectors_50,3734,0.18683311859700036
568,soso_Female_30_Sectors_52,345,0.017262299388314174
569,soso_Female_30_Sectors_60,28,0.0014009982112254981
570,soso_Female_30_Sectors_62,2131,0.1066259710043406
571,soso_Female_30_Sectors_70,6091,0.30476714659194676
572,soso_Female_30_Sectors_71,5222,0.26128616639355545
573,soso_Female_30_Sectors_80,6881,0.3442953104086662
574,soso_Female_30_Sectors_81,6704,0.33543900028770496
575,soso_Female_30_Sectors_92,1703,0.08521071263275083
576,soso_Female_35_Sectors_10,0,0.0
577,soso_Female_35_Sectors_20,0,0.0
578,soso_Female_35_Sectors_21,855,0.0427804810927786
579,soso_Female_35_Sectors_22,2438,0.12198691567742016
580,soso_Female_35_Sectors_30,103,0.0051536719912937965
581,soso_Female_35_Sectors_31,61,0.0030521746744555495
582,soso_Female_35_Sectors_32,154,0.00770549016174024
583,soso_Female_35_Sectors_33,2218,0.11097907258921982
584,soso_Female_35_Sectors_34,747,0.03737663084948026
585,soso_Female_35_Sectors_35,677,0.03387413532141651
586,soso_Female_35_Sectors_40,6911,0.3457963799206935
587,soso_Female_35_Sectors_42,3170,0.15861301177088677
588,soso_Female_35_Sectors_43,500,0.025017825200455323
589,soso_Female_35_Sectors_44,2011,0.1006216929562313
590,soso_Female_35_Sectors_50,4310,0.2156536532279249
591,soso_Female_35_Sectors_52,337,0.01686201418510689
592,soso_Female_35_Sectors_60,37,0.0018513190648336941
593,soso_Female_35_Sectors_62,2419,0.12103623831980287
594,soso_Female_35_Sectors_70,6108,0.30561775264876223
595,soso_Female_35_Sectors_71,5330,0.26669001663685377
596,soso_Female_35_Sectors_80,6897,0.34509588081508075
597,soso_Female_35_Sectors_81,6742,0.3373403550029396
598,soso_Female_35_Sectors_92,2129,0.10652589970353878
599,soso_Female_40_Sectors_10,0,0.0
600,soso_Female_40_Sectors_20,0,0.0
601,soso_Female_40_Sectors_21,1528,0.07645447381259148
602,soso_Female_40_Sectors_22,2511,0.12563951815668664
603,soso_Female_40_Sectors_30,135,0.006754812804122937
604,soso_Female_40_Sectors_31,60,0.003002139024054639
605,soso_Female_40_Sectors_32,183,0.00915652402336665
606,soso_Female_40_Sectors_33,2302,0.11518206722289631
607,soso_Female_40_Sectors_34,650,0.032523172760591926
608,soso_Female_40_Sectors_35,753,0.03767684475188572
609,soso_Female_40_Sectors_40,6911,0.3457963799206935
610,soso_Female_40_Sectors_42,3599,0.18007830579287742
611,soso_Female_40_Sectors_43,492,0.02461753999724804
612,soso_Female_40_Sectors_44,2010,0.1005716573058304
613,soso_Female_40_Sectors_50,4510,0.22566078330810702
614,soso_Female_40_Sectors_52,416,0.020814830566778828
615,soso_Female_40_Sectors_60,31,0.00155110516242823
616,soso_Female_40_Sectors_62,2363,0.11823424189735188
617,soso_Female_40_Sectors_70,6166,0.30851982037201503
618,soso_Female_40_Sectors_71,5455,0.2729444729369676
619,soso_Female_40_Sectors_80,6893,0.34489573821347713
620,soso_Female_40_Sectors_81,6710,0.33573921419011044
621,soso_Female_40_Sectors_92,2272,0.11368099771086898
622,soso_Female_45_Sectors_10,0,0.0
623,soso_Female_45_Sectors_20,0,0.0
624,soso_Female_45_Sectors_21,2787,0.139449357667338
625,soso_Female_45_Sectors_22,2949,0.1475551330322855
626,soso_Female_45_Sectors_30,214,0.01070762918579488
627,soso_Female_45_Sectors_31,102,0.005103636340892886
628,soso_Female_45_Sectors_32,296,0.014810552518669553
629,soso_Female_45_Sectors_33,2417,0.12093616701900105
630,soso_Female_45_Sectors_34,873,0.043681122799995
631,soso_Female_45_Sectors_35,931,0.04658319052324782
632,soso_Female_45_Sectors_40,6912,0.3458464155710944
633,soso_Female_45_Sectors_42,4204,0.2103498742854284
634,soso_Female_45_Sectors_43,672,0.03362395706941196
635,soso_Female_45_Sectors_44,2299,0.11503196027169357
636,soso_Female_45_Sectors_50,4631,0.2317150970066172
637,soso_Female_45_Sectors_52,613,0.030671853695758228
638,soso_Female_45_Sectors_60,75,0.003752673780068299
639,soso_Female_45_Sectors_62,2600,0.1300926910423677
640,soso_Female_45_Sectors_70,6263,0.31337327846090335
641,soso_Female_45_Sectors_71,5759,0.2881553106588444
642,soso_Female_45_Sectors_80,6902,0.3453460590670853
643,soso_Female_45_Sectors_81,6788,0.3396419949213815
644,soso_Female_45_Sectors_92,2551,0.12764094417272306
645,soso_Female_50_Sectors_10,0,0.0
646,soso_Female_50_Sectors_20,0,0.0
647,soso_Female_50_Sectors_21,2424,0.12128641657180741
648,soso_Female_50_Sectors_22,2581,0.12914201368475037
649,soso_Female_50_Sectors_30,190,0.009506773576173024
650,soso_Female_50_Sectors_31,136,0.006804848454523848
651,soso_Female_50_Sectors_32,328,0.016411693331498695
652,soso_Female_50_Sectors_33,2337,0.1169333149869282
653,soso_Female_50_Sectors_34,694,0.03472474137823199
654,soso_Female_50_Sectors_35,876,0.04383122975119773
655,soso_Female_50_Sectors_40,6912,0.3458464155710944
656,soso_Female_50_Sectors_42,4055,0.20289456237569267
657,soso_Female_50_Sectors_43,725,0.036275846540660225
658,soso_Female_50_Sectors_44,2135,0.10682611360594424
659,soso_Female_50_Sectors_50,3899,0.19508900091315062
660,soso_Female_50_Sectors_52,551,0.027569643370901765
661,soso_Female_50_Sectors_60,92,0.00460327983688378
662,soso_Female_50_Sectors_62,2332,0.11668313673492364
663,soso_Female_50_Sectors_70,6267,0.313573421062507
664,soso_Female_50_Sectors_71,5667,0.2835520308219606
665,soso_Female_50_Sectors_80,6882,0.3443453460590671
666,soso_Female_50_Sectors_81,6700,0.33523885768610134
667,soso_Female_50_Sectors_92,2099,0.10502483019151146
668,soso_Female_55_Sectors_10,0,0.0
669,soso_Female_55_Sectors_20,0,0.0
670,soso_Female_55_Sectors_21,1802,0.09016424202244099
671,soso_Female_55_Sectors_22,2069,0.10352376067948414
672,soso_Female_55_Sectors_30,154,0.00770549016174024
673,soso_Female_55_Sectors_31,110,0.005503921544100171
674,soso_Female_55_Sectors_32,372,0.018613261949138763
675,soso_Female_55_Sectors_33,2161,0.10812704051636791
676,soso_Female_55_Sectors_34,445,0.022265864428405238
677,soso_Female_55_Sectors_35,757,0.037876987353489364
678,soso_Female_55_Sectors_40,6907,0.3455962373190899
679,soso_Female_55_Sectors_42,3831,0.1916865766858887
680,soso_Female_55_Sectors_43,690,0.03452459877662835
681,soso_Female_55_Sectors_44,1832,0.0916653115344683
682,soso_Female_55_Sectors_50,3048,0.15250866242197567
683,soso_Female_55_Sectors_52,354,0.01771262024192237
684,soso_Female_55_Sectors_60,70,0.003502495528063745
685,soso_Female_55_Sectors_62,1942,0.09716923307856848
686,soso_Female_55_Sectors_70,6076,0.3040166118359331
687,soso_Female_55_Sectors_71,5398,0.2700924408641157
688,soso_Female_55_Sectors_80,6852,0.3428442765470398
689,soso_Female_55_Sectors_81,6514,0.325932226711532
690,soso_Female_55_Sectors_92,1563,0.07820572157662334
691,soso_Female_60_Sectors_10,0,0.0
692,soso_Female_60_Sectors_20,0,0.0
693,soso_Female_60_Sectors_21,588,0.029420962435735463
694,soso_Female_60_Sectors_22,1483,0.07420286954455049
695,soso_Female_60_Sectors_30,92,0.00460327983688378
696,soso_Female_60_Sectors_31,96,0.0048034224384874225
697,soso_Female_60_Sectors_32,309,0.01546101597388139
698,soso_Female_60_Sectors_33,1995,0.09982112254981673
699,soso_Female_60_Sectors_34,250,0.012508912600227661
700,soso_Female_60_Sectors_35,595,0.029771211988541837
701,soso_Female_60_Sectors_40,6894,0.34494577386387804
702,soso_Female_60_Sectors_42,3028,0.15150794941395745
703,soso_Female_60_Sectors_43,559,0.02796992857410905
704,soso_Female_60_Sectors_44,1340,0.06704777153722027
705,soso_Female_60_Sectors_50,2295,0.11483181767008993
706,soso_Female_60_Sectors_52,146,0.007305204958532955
707,soso_Female_60_Sectors_60,52,0.0026018538208473535
708,soso_Female_60_Sectors_62,1464,0.0732521921869332
709,soso_Female_60_Sectors_70,5722,0.2863039915940107
710,soso_Female_60_Sectors_71,4525,0.22641131806412068
711,soso_Female_60_Sectors_80,6676,0.3340380020764795
712,soso_Female_60_Sectors_81,6226,0.3115219593960697
713,soso_Female_60_Sectors_92,841,0.04207998198716585
714,soso_Female_65_Sectors_10,0,0.0
715,soso_Female_65_Sectors_20,0,0.0
716,soso_Female_65_Sectors_21,456,0.022816256582815254
717,soso_Female_65_Sectors_22,1321,0.06609709417960297
718,soso_Female_65_Sectors_30,83,0.004152958983275584
719,soso_Female_65_Sectors_31,62,0.00310221032485646
720,soso_Female_65_Sectors_32,320,0.016011408128291407
721,soso_Female_65_Sectors_33,1902,0.09516780706253206
722,soso_Female_65_Sectors_34,198,0.009907058779380308
723,soso_Female_65_Sectors_35,598,0.02992131893974457
724,soso_Female_65_Sectors_40,6861,0.343294597400648
725,soso_Female_65_Sectors_42,2817,0.1409504271793653
726,soso_Female_65_Sectors_43,563,0.028170071175712692
727,soso_Female_65_Sectors_44,1216,0.06084335088750735
728,soso_Female_65_Sectors_50,1982,0.0991706590946049
729,soso_Female_65_Sectors_52,118,0.005904206747307457
730,soso_Female_65_Sectors_60,25,0.0012508912600227662
731,soso_Female_65_Sectors_62,1174,0.058741853570669106
732,soso_Female_65_Sectors_70,5861,0.2932589469997373
733,soso_Female_65_Sectors_71,4224,0.21135058729344658
734,soso_Female_65_Sectors_80,6643,0.33238682561324945
735,soso_Female_65_Sectors_81,6020,0.3012146154134821
736,soso_Female_65_Sectors_92,663,0.03317363621580376
737,soso_Man_20_Sectors_10,0,0.0
738,soso_Man_20_Sectors_20,0,0.0
739,soso_Man_20_Sectors_21,5081,0.254231139687027
740,soso_Man_20_Sectors_22,2128,0.10647586405313786
741,soso_Man_20_Sectors_30,21,0.0010507486584191237
742,soso_Man_20_Sectors_31,14,0.0007004991056127491
743,soso_Man_20_Sectors_32,66,0.003302352926460103
744,soso_Man_20_Sectors_33,1601,0.08010707629185795
745,soso_Man_20_Sectors_34,827,0.041379482881553104
746,soso_Man_20_Sectors_35,532,0.026618966013284465
747,soso_Man_20_Sectors_40,6912,0.3458464155710944
748,soso_Man_20_Sectors_42,1814,0.09076466982725191
749,soso_Man_20_Sectors_43,148,0.0074052762593347764
750,soso_Man_20_Sectors_44,1373,0.06869894800045032
751,soso_Man_20_Sectors_50,3855,0.19288743229551056
752,soso_Man_20_Sectors_52,682,0.034124313573421064
753,soso_Man_20_Sectors_60,70,0.003502495528063745
754,soso_Man_20_Sectors_62,1535,0.07680472336539784
755,soso_Man_20_Sectors_70,5202,0.2602854533855372
756,soso_Man_20_Sectors_71,5043,0.25232978497179237
757,soso_Man_20_Sectors_80,6902,0.3453460590670853
758,soso_Man_20_Sectors_81,5810,0.2907071288292909
759,soso_Man_20_Sectors_92,1145,0.05729081970904269
760,soso_Man_25_Sectors_10,0,0.0
761,soso_Man_25_Sectors_20,0,0.0
762,soso_Man_25_Sectors_21,5162,0.25828402736950073
763,soso_Man_25_Sectors_22,2713,0.1357467195376706
764,soso_Man_25_Sectors_30,50,0.0025017825200455324
765,soso_Man_25_Sectors_31,34,0.001701212113630962
766,soso_Man_25_Sectors_32,115,0.005754099796104724
767,soso_Man_25_Sectors_33,2355,0.11783395669414459
768,soso_Man_25_Sectors_34,986,0.0493351512952979
769,soso_Man_25_Sectors_35,685,0.034274420524623796
770,soso_Man_25_Sectors_40,6912,0.3458464155710944
771,soso_Man_25_Sectors_42,2262,0.11318064120685989
772,soso_Man_25_Sectors_43,259,0.012959233453835858
773,soso_Man_25_Sectors_44,1632,0.08165818145428617
774,soso_Man_25_Sectors_50,3715,0.18588244123938308
775,soso_Man_25_Sectors_52,742,0.037126452597475705
776,soso_Man_25_Sectors_60,152,0.007605418860938419
777,soso_Man_25_Sectors_62,2778,0.13899903681372977
778,soso_Man_25_Sectors_70,5870,0.2937092678533455
779,soso_Man_25_Sectors_71,5458,0.2730945798881703
780,soso_Man_25_Sectors_80,6910,0.3457463442702926
781,soso_Man_25_Sectors_81,6436,0.32202944598026095
782,soso_Man_25_Sectors_92,1961,0.09811991043618577
783,soso_Man_30_Sectors_10,0,0.0
784,soso_Man_30_Sectors_20,0,0.0
785,soso_Man_30_Sectors_21,4045,0.20239420587168355
786,soso_Man_30_Sectors_22,2280,0.11408128291407627
787,soso_Man_30_Sectors_30,38,0.0019013547152346047
788,soso_Man_30_Sectors_31,49,0.002451746869644622
789,soso_Man_30_Sectors_32,164,0.008205846665749347
790,soso_Man_30_Sectors_33,2421,0.12113630962060469
791,soso_Man_30_Sectors_34,820,0.04102923332874673
792,soso_Man_30_Sectors_35,668,0.033423814467808316
793,soso_Man_30_Sectors_40,6912,0.3458464155710944
794,soso_Man_30_Sectors_42,2170,0.10857736136997612
795,soso_Man_30_Sectors_43,311,0.015561087274683211
796,soso_Man_30_Sectors_44,1399,0.06999987491087399
797,soso_Man_30_Sectors_50,3304,0.16531778892460877
798,soso_Man_30_Sectors_52,360,0.018012834144327836
799,soso_Man_30_Sectors_60,163,0.008155811015348437
800,soso_Man_30_Sectors_62,2964,0.14830566778829918
801,soso_Man_30_Sectors_70,5907,0.2955605869181792
802,soso_Man_30_Sectors_71,5122,0.2562826013534643
803,soso_Man_30_Sectors_80,6904,0.3454461303678871
804,soso_Man_30_Sectors_81,6409,0.3206784834194364
805,soso_Man_30_Sectors_92,1963,0.0982199817369876
806,soso_Man_35_Sectors_10,0,0.0
807,soso_Man_35_Sectors_20,0,0.0
808,soso_Man_35_Sectors_21,2961,0.14815556083709644
809,soso_Man_35_Sectors_22,2203,0.11022853783320616
810,soso_Man_35_Sectors_30,66,0.003302352926460103
811,soso_Man_35_Sectors_31,71,0.0035525311784646556
812,soso_Man_35_Sectors_32,173,0.008656167519357542
813,soso_Man_35_Sectors_33,2493,0.12473887644947025
814,soso_Man_35_Sectors_34,779,0.038977771662309396
815,soso_Man_35_Sectors_35,817,0.040879126377544
816,soso_Man_35_Sectors_40,6912,0.3458464155710944
817,soso_Man_35_Sectors_42,2253,0.11273032035325169
818,soso_Man_35_Sectors_43,403,0.02016436711156699
819,soso_Man_35_Sectors_44,1384,0.06924934015486034
820,soso_Man_35_Sectors_50,3765,0.1883842237594286
821,soso_Man_35_Sectors_52,363,0.018162941095530568
822,soso_Man_35_Sectors_60,207,0.010357379632988504
823,soso_Man_35_Sectors_62,3313,0.165768109778217
824,soso_Man_35_Sectors_70,6125,0.3064683587055777
825,soso_Man_35_Sectors_71,5332,0.2667900879376556
826,soso_Man_35_Sectors_80,6907,0.3455962373190899
827,soso_Man_35_Sectors_81,6550,0.32773351012596474
828,soso_Man_35_Sectors_92,2280,0.11408128291407627
829,soso_Man_40_Sectors_10,0,0.0
830,soso_Man_40_Sectors_20,0,0.0
831,soso_Man_40_Sectors_21,1969,0.09852019563939306
832,soso_Man_40_Sectors_22,1987,0.09942083734660945
833,soso_Man_40_Sectors_30,123,0.00615438499931201
834,soso_Man_40_Sectors_31,96,0.0048034224384874225
835,soso_Man_40_Sectors_32,159,0.007955668413744793
836,soso_Man_40_Sectors_33,2529,0.12654015986390302
837,soso_Man_40_Sectors_34,642,0.032122887557384634
838,soso_Man_40_Sectors_35,845,0.042280124588769494
839,soso_Man_40_Sectors_40,6912,0.3458464155710944
840,soso_Man_40_Sectors_42,2210,0.11057878738601254
841,soso_Man_40_Sectors_43,362,0.018112905445129657
842,soso_Man_40_Sectors_44,1359,0.06799844889483757
843,soso_Man_40_Sectors_50,4098,0.2050460953429318
844,soso_Man_40_Sectors_52,397,0.019864153209161527
845,soso_Man_40_Sectors_60,197,0.009857023128979398
846,soso_Man_40_Sectors_62,3162,0.15821272656767948
847,soso_Man_40_Sectors_70,6053,0.30286579187671214
848,soso_Man_40_Sectors_71,5120,0.2561825300526625
849,soso_Man_40_Sectors_80,6894,0.34494577386387804
850,soso_Man_40_Sectors_81,6456,0.32303015898827914
851,soso_Man_40_Sectors_92,2292,0.11468171071888719
852,soso_Man_45_Sectors_10,0,0.0
853,soso_Man_45_Sectors_20,0,0.0
854,soso_Man_45_Sectors_21,2247,0.11243010645084622
855,soso_Man_45_Sectors_22,2310,0.1155823524261036
856,soso_Man_45_Sectors_30,194,0.009706916177776666
857,soso_Man_45_Sectors_31,159,0.007955668413744793
858,soso_Man_45_Sectors_32,188,0.009406702275371203
859,soso_Man_45_Sectors_33,2565,0.1283414432783358
860,soso_Man_45_Sectors_34,637,0.03187270930538008
861,soso_Man_45_Sectors_35,976,0.04883479479128879
862,soso_Man_45_Sectors_40,6912,0.3458464155710944
863,soso_Man_45_Sectors_42,2745,0.13734786035049973
864,soso_Man_45_Sectors_43,455,0.022766220932414344
865,soso_Man_45_Sectors_44,1574,0.07875611373103336
866,soso_Man_45_Sectors_50,4297,0.21500318977271307
867,soso_Man_45_Sectors_52,533,0.026669001663685375
868,soso_Man_45_Sectors_60,152,0.007605418860938419
869,soso_Man_45_Sectors_62,3221,0.16116482994133322
870,soso_Man_45_Sectors_70,6195,0.30997085423364146
871,soso_Man_45_Sectors_71,5478,0.27409529289618856
872,soso_Man_45_Sectors_80,6898,0.34514591646548165
873,soso_Man_45_Sectors_81,6601,0.3302853282964112
874,soso_Man_45_Sectors_92,2416,0.12088613136860013
875,soso_Man_50_Sectors_10,0,0.0
876,soso_Man_50_Sectors_20,0,0.0
877,soso_Man_50_Sectors_21,2134,0.10677607795554334
878,soso_Man_50_Sectors_22,2292,0.11468171071888719
879,soso_Man_50_Sectors_30,132,0.006604705852920206
880,soso_Man_50_Sectors_31,121,0.0060543136985101885
881,soso_Man_50_Sectors_32,234,0.011708342193813092
882,soso_Man_50_Sectors_33,2532,0.12669026681510576
883,soso_Man_50_Sectors_34,597,0.02987128328934366
884,soso_Man_50_Sectors_35,929,0.046483119222445995
885,soso_Man_50_Sectors_40,6912,0.3458464155710944
886,soso_Man_50_Sectors_42,2597,0.12994258409116494
887,soso_Man_50_Sectors_43,451,0.0225660783308107
888,soso_Man_50_Sectors_44,1513,0.07570393905657781
889,soso_Man_50_Sectors_50,3829,0.19158650538508687
890,soso_Man_50_Sectors_52,518,0.025918466907671717
891,soso_Man_50_Sectors_60,143,0.007155098007330222
892,soso_Man_50_Sectors_62,3035,0.1518581989667638
893,soso_Man_50_Sectors_70,6091,0.30476714659194676
894,soso_Man_50_Sectors_71,5195,0.2599352038327308
895,soso_Man_50_Sectors_80,6899,0.3451959521158826
896,soso_Man_50_Sectors_81,6462,0.3233303728906846
897,soso_Man_50_Sectors_92,2003,0.10022140775302402
898,soso_Man_55_Sectors_10,0,0.0
899,soso_Man_55_Sectors_20,0,0.0
900,soso_Man_55_Sectors_21,1546,0.07735511551980787
901,soso_Man_55_Sectors_22,1864,0.09326645234729745
902,soso_Man_55_Sectors_30,78,0.0039027807312710305
903,soso_Man_55_Sectors_31,127,0.006354527600915652
904,soso_Man_55_Sectors_32,215,0.01075766483619579
905,soso_Man_55_Sectors_33,2424,0.12128641657180741
906,soso_Man_55_Sectors_34,450,0.02251604268040979
907,soso_Man_55_Sectors_35,822,0.04112930462954855
908,soso_Man_55_Sectors_40,6911,0.3457963799206935
909,soso_Man_55_Sectors_42,2241,0.11212989254844076
910,soso_Man_55_Sectors_43,468,0.023416684387626185
911,soso_Man_55_Sectors_44,1179,0.05899203182267366
912,soso_Man_55_Sectors_50,3036,0.15190823461716474
913,soso_Man_55_Sectors_52,369,0.01846315499793603
914,soso_Man_55_Sectors_60,178,0.008906345771362095
915,soso_Man_55_Sectors_62,2787,0.139449357667338
916,soso_Man_55_Sectors_70,5976,0.29901304679584206
917,soso_Man_55_Sectors_71,4699,0.23511752123387916
918,soso_Man_55_Sectors_80,6876,0.34404513215666166
919,soso_Man_55_Sectors_81,6283,0.3143739914689216
920,soso_Man_55_Sectors_92,1441,0.07210137222771225
921,soso_Man_60_Sectors_10,0,0.0
922,soso_Man_60_Sectors_20,0,0.0
923,soso_Man_60_Sectors_21,542,0.02711932251729357
924,soso_Man_60_Sectors_22,1268,0.0634452047083547
925,soso_Man_60_Sectors_30,65,0.0032523172760591922
926,soso_Man_60_Sectors_31,124,0.00620442064971292
927,soso_Man_60_Sectors_32,204,0.010207272681785772
928,soso_Man_60_Sectors_33,2242,0.11217992819884168
929,soso_Man_60_Sectors_34,319,0.015961372477890496
930,soso_Man_60_Sectors_35,701,0.035074990931038365
931,soso_Man_60_Sectors_40,6900,0.3452459877662835
932,soso_Man_60_Sectors_42,1678,0.08395982137272806
933,soso_Man_60_Sectors_43,422,0.02111504446918429
934,soso_Man_60_Sectors_44,873,0.043681122799995
935,soso_Man_60_Sectors_50,2239,0.11202982124763894
936,soso_Man_60_Sectors_52,227,0.011358092641006717
937,soso_Man_60_Sectors_60,103,0.0051536719912937965
938,soso_Man_60_Sectors_62,2461,0.12313773563664111
939,soso_Man_60_Sectors_70,5742,0.28730470460202895
940,soso_Man_60_Sectors_71,3681,0.18418122912575208
941,soso_Man_60_Sectors_80,6765,0.3384911749621605
942,soso_Man_60_Sectors_81,5807,0.29055702187808813
943,soso_Man_60_Sectors_92,900,0.04503208536081958
944,soso_Man_65_Sectors_10,0,0.0
945,soso_Man_65_Sectors_20,0,0.0
946,soso_Man_65_Sectors_21,304,0.015210837721876837
947,soso_Man_65_Sectors_22,1293,0.06469609596837747
948,soso_Man_65_Sectors_30,71,0.0035525311784646556
949,soso_Man_65_Sectors_31,128,0.0064045632513165624
950,soso_Man_65_Sectors_32,214,0.01070762918579488
951,soso_Man_65_Sectors_33,2296,0.11488185332049083
952,soso_Man_65_Sectors_34,316,0.015811265526687764
953,soso_Man_65_Sectors_35,764,0.03822723690629574
954,soso_Man_65_Sectors_40,6883,0.34439538170946804
955,soso_Man_65_Sectors_42,1769,0.08851306555921094
956,soso_Man_65_Sectors_43,454,0.022716185282013433
957,soso_Man_65_Sectors_44,958,0.0479341530840724
958,soso_Man_65_Sectors_50,2334,0.11678320803572546
959,soso_Man_65_Sectors_52,219,0.010957807437799432
960,soso_Man_65_Sectors_60,89,0.004453172885681048
961,soso_Man_65_Sectors_62,2213,0.11072889433721526
962,soso_Man_65_Sectors_70,5974,0.2989129754950402
963,soso_Man_65_Sectors_71,3500,0.17512477640318727
964,soso_Man_65_Sectors_80,6769,0.33869131756376414
965,soso_Man_65_Sectors_81,5934,0.2969115494790038
966,soso_Man_65_Sectors_92,799,0.03997848467032761
